Your Question,Response,Chart,timestamp
can you give me profits chart for 2023,"Hereâ€™s the scoop! To visualize profits for 2023, I recommend a line chart showing the daily profit trends.

- Data: Daily profits from Gourmet Haven
- Chart type: Line chart
- X-axis: Dates
- Y-axis: Profit values
- This will help visualize profit fluctuations and trends over the year

Note: Based on the provided data sample, we only have data for the first 10 days of January 2023. To create a complete yearly profit chart, we would need data for the entire year. Please confirm if you'd like to see the chart for just the available data, or if you have access to the complete 2023 dataset.

No chart type identified for this query. Always fun to crunch some numbers! So, where do we go from here?",,2025-04-25 12:33:57.108534
